phase,area,task_id,task_name,instruction_file,assigned_agent,tools,work_mode,dependency_chain,progress,status,generated_files,generator,duration,modification_history,test_history,build_result,dependency_propagation,blocker,validation_result,remarks
1,F,P1F1,AuthContext 생성,tasks/P1F1.md,fullstack-developer,React/TypeScript/TailwindCSS,AI-Only,없음,0,대기,,-,-,-,대기,⏳ 대기,⏳ 대기,없음,⏳ 대기,Context API 사용
1,F,P1F2,회원가입 페이지,tasks/P1F2.md,fullstack-developer,React/TypeScript/TailwindCSS,AI-Only,P1F1,0,대기,,-,-,-,대기,⏳ 대기,❌ 불이행 - P1F1,P1F1 완료 필요,⏳ 대기,Zod 스키마 검증
1,F,P1F3,로그인 페이지,tasks/P1F3.md,fullstack-developer,React/TypeScript/TailwindCSS,AI-Only,P1F1,0,대기,,-,-,-,대기,⏳ 대기,❌ 불이행 - P1F1,P1F1 완료 필요,⏳ 대기,JWT 토큰 저장
1,B,P1B1,JWT 인증 API,tasks/P1B1.md,fullstack-developer,Python/FastAPI,AI-Only,없음,0,대기,,-,-,-,대기,⏳ 대기,⏳ 대기,없음,⏳ 대기,JWT 만료시간 24시간
1,B,P1B2,회원가입 API,tasks/P1B2.md,fullstack-developer,Python/FastAPI,AI-Only,P1B1,0,대기,,-,-,-,대기,⏳ 대기,❌ 불이행 - P1B1,P1B1 완료 필요,⏳ 대기,비밀번호 해싱
2,F,P2F1,정치인 검색 UI,tasks/P2F1.md,fullstack-developer,React/TypeScript/TailwindCSS,AI-Only,"P1F2, P1F3",0,대기,,-,-,-,대기,⏳ 대기,"❌ 불이행 - P1F2, P1F3","P1F2, P1F3 완료 필요",⏳ 대기,검색바 + 필터
2,F,P2F2,정치인 목록 컴포넌트,tasks/P2F2.md,fullstack-developer,React/TypeScript/TailwindCSS,AI-Only,P2F1,0,대기,,-,-,-,대기,⏳ 대기,❌ 불이행 - P2F1,P2F1 완료 필요,⏳ 대기,무한 스크롤
2,B,P2B1,정치인 검색 API,tasks/P2B1.md,fullstack-developer,Python/FastAPI,AI-Only,P1B1,0,대기,,-,-,-,대기,⏳ 대기,❌ 불이행 - P1B1,P1B1 완료 필요,⏳ 대기,전문 검색
2,B,P2B2,필터링 API,tasks/P2B2.md,fullstack-developer,Python/FastAPI,AI-Only,P2B1,0,대기,,-,-,-,대기,⏳ 대기,❌ 불이행 - P2B1,P2B1 완료 필요,⏳ 대기,정당/지역구 필터
3,F,P3F1,즐겨찾기 UI,tasks/P3F1.md,fullstack-developer,React/TypeScript/TailwindCSS,AI-Only,P2F2,0,대기,,-,-,-,대기,⏳ 대기,❌ 불이행 - P2F2,P2F2 완료 필요,⏳ 대기,하트 아이콘
3,B,P3B1,즐겨찾기 API,tasks/P3B1.md,fullstack-developer,Python/FastAPI,AI-Only,P1B1,0,대기,,-,-,-,대기,⏳ 대기,❌ 불이행 - P1B1,P1B1 완료 필요,⏳ 대기,사용자별 즐겨찾기
3,F,P3F2,알림 설정 UI,tasks/P3F2.md,fullstack-developer,React/TypeScript/TailwindCSS,AI-Only,P3F1,0,대기,,-,-,-,대기,⏳ 대기,❌ 불이행 - P3F1,P3F1 완료 필요,⏳ 대기,푸시 알림
